Top queries,Clicks,Impressions,CTR,Position
deluxe windows,62,1445,4.29%,8.56
deluxe windows inc,24,164,14.63%,8.5
delux windows,10,116,8.62%,8.6
deluxe windows burlingame,9,46,19.57%,1.52
deluxe windows and doors,4,340,1.18%,19.78
ital windows,4,190,2.11%,4.04
deluxe window,4,190,2.11%,10.59
window replacement,3,1553,0.19%,15.52
deluxe windows & doors,3,55,5.45%,18.33
window company near me,3,34,8.82%,4.68
window replacement san francisco,2,1544,0.13%,24.29
window replacement near me,2,649,0.31%,12.34
andersen aluminum windows,2,402,0.5%,9.74
italwindows,2,84,2.38%,5.13
window replacement companies,2,58,3.45%,26.79
how to measure window glass for replacement,2,45,4.44%,9.2
vero windows,2,31,6.45%,6.48
windows near me,2,29,6.9%,10.38
wood clad windows,1,2581,0.04%,50.6
window installation piedmont pines,1,2494,0.04%,4.18
alside windows,1,1734,0.06%,30.19
andersen fiberglass windows,1,1268,0.08%,14.18
anlin windows,1,331,0.3%,34.23
all weather windows,1,294,0.34%,13.77
andersen aluminum clad windows,1,259,0.39%,8.3
simonton,1,215,0.47%,43.09
all weather doors and windows,1,199,0.5%,28.57
window replacement concord,1,125,0.8%,37.95
window installers near me,1,109,0.92%,13.39
windows and doors,1,105,0.95%,51.08
window contractors near me,1,94,1.06%,16.4
anderson aluminum windows,1,73,1.37%,8.15
marvin aluminum windows,1,73,1.37%,22.63
wholesale windows,1,72,1.39%,1.46
window contractors,1,71,1.41%,22.38
earthwise vinyl windows,1,56,1.79%,20.82
window company,1,50,2%,26.9
how to measure window pane for replacement,1,29,3.45%,7.93
windows and doors san francisco,1,21,4.76%,29.86
df windows,1,20,5%,9.55
aluminum windows california,1,18,5.56%,67.61
doorbuyer,1,11,9.09%,12.18
marvin windows for sale,1,11,9.09%,56.64
double hung windows near me,1,10,10%,27.3
temporary broken window fix,1,9,11.11%,45.44
ply gem aluminum windows,1,8,12.5%,27
window store near me,1,7,14.29%,3
window companies in my area,1,6,16.67%,8.17
window stores near me,1,5,20%,5
windows for sale,1,5,20%,19
windows shops near me,1,3,33.33%,1
window replacement and installation near me,1,3,33.33%,2.33
double hung window repair,1,2,50%,3
aluminum window manufacturers near me,1,1,100%,1
front doors near me,1,1,100%,1
home window replacement reviews,1,1,100%,1
window screen makers near me,1,1,100%,1
windows replacement companies near me,1,1,100%,1
best window prices near me,1,1,100%,2
window replacement san mateo county,1,1,100%,3
whole window replacement,1,1,100%,7
aluminum window installers,1,1,100%,9
energy efficient aluminum windows,1,1,100%,9
storm doors near me,1,1,100%,9
screen doors replacement,1,1,100%,11
fiberglass windows,0,11294,0%,74.6
window installation mission san jose district,0,7845,0%,6.06
window installation crow canyon office park,0,4640,0%,2.92
window installation contra costa county,0,2057,0%,9.45
window installation north kennedy tract,0,1670,0%,8.18
wood windows,0,885,0%,63.38
how to measure for replacement windows,0,874,0%,48.25
anlin,0,871,0%,17.8
replacement windows pleasanton ca,0,772,0%,61.36
clad wood windows,0,653,0%,49.57
window installation south stonehurst,0,645,0%,8.91
replacement windows san francisco,0,627,0%,28.4
window replacement brentwood ca,0,591,0%,74.37
brentwood replacement windows,0,586,0%,28.14
clad windows,0,580,0%,42.66
window repair near me,0,510,0%,18.58
window installation san francisco,0,507,0%,21.12
window installation jingletown,0,477,0%,8.53
replacement windows livermore,0,464,0%,76.82
replacement windows san francisco ca,0,401,0%,34.36
window replacement dublin,0,395,0%,65.95
san francisco window replacement,0,374,0%,27.44
windows,0,365,0%,4.5
window installer dublin,0,362,0%,51.46
anlin window systems,0,356,0%,31.31
window installation harder/tennyson,0,349,0%,8.3
how to measure replacement windows,0,329,0%,42.5
marvin doors,0,326,0%,60.78
livermore replacement windows,0,317,0%,23.92
window installation companies,0,309,0%,11.35
window replacement livermore ca,0,304,0%,75.87
how to measure windows,0,303,0%,41.32
windows company burlingame ca,0,300,0%,1.12
window installation campbell village court,0,300,0%,8.73
jeld wen windows,0,299,0%,47.44
window replacement bay area,0,291,0%,20.95
windows measure,0,288,0%,79.27
anlin doors,0,287,0%,40.59
pleasanton replacement windows,0,287,0%,53.12
how to measure a window for replacement,0,286,0%,34.72
milgard,0,281,0%,37.2
window installation iveywood,0,280,0%,8.8
fiberglass window,0,275,0%,55.27
how to measure windows for replacement,0,267,0%,47.42
jeld wen,0,261,0%,51.23
anlin vinyl windows,0,259,0%,36.77
luxury steel windows burlingame,0,256,0%,2.21
window installers,0,256,0%,4.05
andersen window wood windows,0,253,0%,21.79
window repair san francisco,0,253,0%,30.14
custom steel windows burlingame,0,252,0%,3.67
window installation service,0,242,0%,31.93
marvin fiberglass windows,0,240,0%,40.42
jeld-wen windows,0,240,0%,50.5
window cleaners san francisco,0,240,0%,74.03
replacement windows,0,238,0%,28.56
commercial steel windows burlingame,0,234,0%,4.4
professional window installation,0,230,0%,1.96
andersen vinyl windows,0,230,0%,25.3
window installation near me,0,225,0%,21.61
window,0,222,0%,3.38
how to measure a window,0,220,0%,56.87
wood clad,0,218,0%,39.38
anlin windows and doors,0,217,0%,27
window installation,0,213,0%,1.58
milgard vinyl windows,0,213,0%,26.96
replacement window installers near me,0,212,0%,4.76
replacement windows san jose,0,212,0%,62.11
best window companies san francisco,0,207,0%,28.26
local window replacement companies,0,206,0%,3
jeld wen vinyl windows,0,206,0%,26.94
doors windows contractors san francisco ca,0,205,0%,41.94
window replacement pleasanton,0,203,0%,29.47
window repair,0,202,0%,23.07
san francisco window cleaning,0,202,0%,87.2
jeld wen wood windows,0,199,0%,31.81
clad wood,0,198,0%,39.84
thermal steel windows burlingame,0,195,0%,4.46
vinyl window replacement san francisco,0,194,0%,20.97
window replacement california,0,194,0%,60.63
all weather doors,0,189,0%,20.49
window companies san francisco,0,188,0%,35.15
local window installers,0,187,0%,1.86
simonton stormbreaker plus,0,183,0%,13.69
how to measure for windows,0,183,0%,52.25
window installation companies san francisco,0,180,0%,21.58
window installation san ramon,0,179,0%,11.45
vinyl window replacement bay area,0,177,0%,16.61
replacement windows bay area,0,177,0%,17.06
replacement windows oakland,0,177,0%,32.32
vinyl doors,0,177,0%,71.78
new window installation san francisco,0,172,0%,19
anlin catalina windows,0,171,0%,57.8
all weather windows and doors,0,169,0%,18.95
window installation bay area,0,165,0%,31.62
window installation glen highlands,0,163,0%,9.68
window contractor,0,163,0%,59.66
alside,0,161,0%,26.72
jeldwen windows,0,161,0%,50.87
home window replacement san francisco,0,157,0%,38.38
window washers san francisco,0,157,0%,86.92
marvin windows,0,156,0%,34.89
fiberglass window frames,0,155,0%,69.75
windows san francisco,0,151,0%,22.54
window companies near me,0,149,0%,11.07
clad doors,0,149,0%,47.44
window installation companies near me,0,147,0%,22.1
where to buy anlin windows,0,146,0%,44.28
replacement window contractors near me,0,145,0%,6.98
all weather architectural aluminum,0,144,0%,21.25
window replacement oakland,0,142,0%,56.64
window installation peralta/ hacienda,0,140,0%,8.29
all weather aluminum windows,0,140,0%,16.27
western windows,0,140,0%,26.89
wood windows san francisco ca,0,140,0%,60.51
replacement windows concord,0,139,0%,36.15
window installation glen eden,0,137,0%,10.45
window installation oakland,0,135,0%,25.14
san francisco windows,0,135,0%,31.2
california deluxe windows,0,134,0%,32.4
milgard windows,0,134,0%,37.93
measuring for replacement windows,0,133,0%,29.89
window contractors san francisco,0,132,0%,26.17
window installation services san francisco,0,131,0%,20.94
anlin windows price list,0,131,0%,22.15
window replacement san jose,0,131,0%,75.98
anlin catalina,0,127,0%,36.81
western window systems phoenix az,0,124,0%,27.96
window and door company burlingame ca,0,123,0%,2.94
replacement windows dublin,0,123,0%,48.59
window companies,0,122,0%,22.4
anlin window,0,122,0%,36.7
anlin industries,0,122,0%,43.8
anlin industries clovis,0,121,0%,60.49
anderson windows fibergalss,0,119,0%,15.12
jen weld windows,0,119,0%,52.14
[aluminum window replacement],0,118,0%,8.41
windows replacement san francisco,0,117,0%,26.37
marvin wood windows,0,117,0%,32.85
window replacement companies san francisco,0,116,0%,22.46
jeld-wen,0,116,0%,56.62
what is window cladding,0,116,0%,77.06
window replacement in san francisco,0,115,0%,29.53
replacement windows california,0,115,0%,76.64
window installation mosswood,0,114,0%,9.77
anlin windows prices,0,114,0%,33.77
vinyl window santa clara,0,114,0%,44.05
replacement windows santa clara,0,114,0%,49.49
vinyl clad wood windows,0,114,0%,53.68
wood cladding windows,0,114,0%,55.8
milgard fiberglass windows,0,114,0%,61.76
window replacement sonoma,0,113,0%,33.81
vinyl window replacement sonoma,0,111,0%,24.04
western window systems,0,111,0%,39.96
what is wood clad,0,111,0%,48.52
stormbreaker windows,0,110,0%,17.43
window replacement company,0,109,0%,6.34
anlin windows price,0,109,0%,28.49
vinyl windows replacement bay area,0,108,0%,25.52
fiberglass window replacement,0,108,0%,43.44
window replacement berkeley,0,108,0%,54.29
fiberglass frame windows,0,108,0%,69.62
architectural aluminium windows and doors,0,107,0%,26.24
windows san francisco bay area,0,106,0%,27.1
door repair near me,0,105,0%,29.17
measure replacement windows,0,105,0%,35.65
daylightmax windows,0,105,0%,74.16
vinyl window replacement concord,0,104,0%,18.82
windows installer brentwood,0,104,0%,42.38
window companies in san francisco,0,103,0%,34.27
what are wood clad windows,0,103,0%,52.31
windows delivered,0,103,0%,74.38
deluxe window services,0,102,0%,6.27
wood clad window,0,102,0%,51.2
replacement window company taft,0,102,0%,56
window replacement measurements,0,101,0%,32.71
marvis corner,0,100,0%,18.44
replacement windows fremont,0,100,0%,37.53
how to measure for new windows,0,100,0%,38.41
window replacement santa clara,0,100,0%,53.52
window installation durant manor,0,99,0%,11.6
measure for windows,0,99,0%,62.56
window installation livermore,0,99,0%,76.43
wood replacement san francisco,0,99,0%,82.47
bay area window replacement,0,98,0%,24.07
wood clad vinyl windows,0,98,0%,42.56
custom windows,0,98,0%,74.56
marvin aluminum clad windows,0,97,0%,32.77
milgard aluminum windows,0,96,0%,46.26
[window replacement san mateo county],0,95,0%,32.06
window installation contractors,0,95,0%,84.11
window installation services near me,0,92,0%,24.91
western window,0,92,0%,30.4
buy anlin,0,92,0%,33.75
western window and door,0,92,0%,40.3
vinyl window replacement santa clara,0,91,0%,52.1
what is a wood clad window,0,91,0%,54.26
premium window installation,0,90,0%,49.46
andersen wood windows,0,89,0%,25.58
[window installation santa clara county],0,89,0%,46.94
alside window prices,0,89,0%,71.16
what is a clad window,0,89,0%,77.09
measure for replacement windows,0,88,0%,38.94
soundproofing windows san francisco,0,88,0%,39.1
how to measure windows to replace,0,87,0%,42.17
fiberglass windows vienna,0,87,0%,59.95
replacement windows vs new windows,0,87,0%,69.34
window installation wisteria of gale ranch,0,86,0%,8.51
stormbreaker plus windows,0,86,0%,26.19
window installation hiller highlands,0,85,0%,11.15
window installation rollingwood,0,85,0%,12.65
[window installation sunnyvale],0,85,0%,24.11
san francisco replacement windows,0,85,0%,28.95
window installation oakmore,0,84,0%,10.8
all weather windows doors,0,84,0%,20.94
[designer window installation],0,84,0%,22.1
replacement fiberglass windows,0,83,0%,51
high end windows,0,83,0%,71.63
deluxe,0,82,0%,2.93
window installation contractors near me,0,82,0%,28.01
window installation trestle glen,0,81,0%,13.62
vinyl window replacement napa,0,81,0%,16.62
custom vinyl windows santa clara,0,81,0%,52.74
window cleaning san mateo,0,81,0%,58.28
new construction windows,0,81,0%,59.11
windows fiberglass,0,81,0%,59.65
solid wood doors in san francisco,0,80,0%,22.02
alside window,0,80,0%,30.07
alside doors,0,80,0%,32.77
vinyl window replacement oakland,0,80,0%,36.48
western doors and windows,0,80,0%,50.74
jeldwen,0,80,0%,56.75
window installation norris canyon,0,79,0%,11.9
[anderson window and door san jose],0,79,0%,45.09
thermally improved aluminum windows,0,79,0%,70.65
window installation twin creeks view homes,0,78,0%,10.82
window installation sequoyah heights,0,78,0%,13.67
window installation castlemont,0,78,0%,18.1
pvc industries earthwise windows,0,78,0%,57.55
window replacement companies near me,0,77,0%,24.23
how to count windows for replacement,0,77,0%,48.44
window cladding,0,77,0%,67.65
western doors,0,77,0%,70.38
custom vinyl windows woodland hills,0,77,0%,76.52
anderson fiberglass window,0,76,0%,10.63
window company san francisco,0,76,0%,29.51
custom window order online,0,76,0%,80.34
[luxury window installation],0,75,0%,2.01
window replacement sf,0,75,0%,32.08
window san francisco,0,75,0%,35.29
does andersen make vinyl windows,0,75,0%,54.05
ply gem windows price,0,75,0%,72.69
tempered glass installation san francisco ca,0,74,0%,27.39
best window installation company california,0,74,0%,32.39
vinyl window replacement santa rosa,0,74,0%,33.36
temporary windows,0,74,0%,36.84
western window systems cost,0,74,0%,41.24
window installation upper rockridge,0,73,0%,12.63
window installation north stonehurst,0,73,0%,14.32
sizing replacement windows,0,73,0%,38.93
"""high end windows san mateo""",0,72,0%,1
anderson fiberglass windows,0,72,0%,11.14
san francisco window installation,0,72,0%,25.64
how measure windows,0,72,0%,39.71
marvin replacement windows,0,72,0%,47.94
wood clad replacement windows,0,72,0%,51.89
fiberglass+windows,0,72,0%,62.56
western sliding doors,0,72,0%,63.69
custom vinyl windows silicon valley,0,72,0%,63.83
milgard style line v250,0,72,0%,65.42
window installation somersville,0,71,0%,11.89
window installation clyde,0,71,0%,15.3
measuring windows for replacement,0,71,0%,32.89
windows cleaner near me,0,71,0%,42.49
home window replacement delano,0,71,0%,60.69
window installation redwood heights,0,70,0%,14.6
andersen windows vinyl,0,70,0%,30.99
simonton doors,0,70,0%,51.64
window replacement santa rosa,0,70,0%,65.51
window installation orwood,0,69,0%,17.25
new window installation near me,0,69,0%,22.57
jeld wen siteline windows,0,69,0%,25.43
special order windows,0,69,0%,72.14
window installation fairview park,0,68,0%,12.56
trusted window company in marin,0,68,0%,18.46
window installations near me,0,68,0%,25.56
earthwise windows ratings,0,68,0%,41.79
replacement windows in san jose,0,68,0%,47.59
window replacement company taft,0,68,0%,50.9
marvin fiberglass doors,0,68,0%,54.74
milgard windows aluminum,0,68,0%,87.25
ply gem doors,0,67,0%,36.36
windows and doors near me,0,67,0%,37.72
window replacement for house san francisco,0,67,0%,40.3
window installation mission foothills,0,66,0%,12.74
get a quote for storefront glass repair san francisco,0,66,0%,19.05
andersen fibrex windows,0,66,0%,53.3
vinyl window replacement berkeley,0,66,0%,53.32
window replacement santa cruz,0,66,0%,75.33
window installation arroyo viejo,0,65,0%,16.06
new windows bay area,0,65,0%,17.06
glass installation companies,0,65,0%,26.29
anderson vinyl windows,0,65,0%,26.49
milgard ultra series,0,65,0%,27.97
how to measure for window replacement,0,65,0%,40.09
simonton stormbreaker plus windows,0,65,0%,41.28
wood windows san francisco,0,65,0%,45.91
marvin windows fiberglass,0,65,0%,49.34
vinyl window installation lincoln ca,0,65,0%,51.35
andersen bow windows,0,65,0%,78.22
windows replacement near me,0,64,0%,5.3
window glass replacement san francisco,0,64,0%,16.22
window replacement in napa,0,64,0%,24
oakland replacement windows,0,64,0%,26.58
window installation fremont,0,64,0%,30.77
fremont window replacement,0,64,0%,50.5
window replacement palo alto,0,64,0%,62.45
custom window replacement in napa,0,63,0%,21.22
window installation concord,0,63,0%,47.02
milgard aluminum casement windows,0,63,0%,73
custom vinyl windows,0,63,0%,94.7
window installation villapaseo,0,62,0%,14.08
vinyl window replacement palo alto,0,62,0%,43.74
door replacement san francisco,0,62,0%,68.81
what are clad windows,0,62,0%,74.39
best window replacement near me,0,61,0%,13.16
window installation south kennedy tract,0,61,0%,14.18
window replacements near me,0,61,0%,20.16
jeld wen aluminum clad windows,0,61,0%,33.85
jeld wen bay windows,0,61,0%,33.9
aluminum clad windows,0,61,0%,72.15
window installation san pablo gateway,0,60,0%,19.2
jeld wen custom wood windows,0,60,0%,28.4
glass replacement,0,60,0%,41.57
anlin del mar windows,0,60,0%,45.08
replacement window companies taft,0,60,0%,54.45
deluxe windows near me,0,59,0%,1.64
window installation crestmont,0,59,0%,13.66
window installation piedmont,0,59,0%,13.75
fiberglass replacement windows,0,59,0%,43.02
andersen pass through window,0,59,0%,46.32
jeld wen windows and doors,0,59,0%,49.05
measure windows,0,59,0%,56.03
milgard windows vinyl windows,0,58,0%,22.74
architectural aluminum windows,0,58,0%,31.88
door installation san francisco,0,58,0%,35.57
milgard ultra,0,58,0%,37.83
fiberglass windows and doors,0,58,0%,38.36
in earthwise windows,0,58,0%,51.98
milgard ultra windows,0,58,0%,55.76
custom vinyl windows san jose,0,58,0%,79.74
milgard ultra series prices,0,57,0%,31.46
anlin coronado windows,0,57,0%,34.16
fiberglass windows yukon,0,57,0%,39.28
how do you measure windows,0,57,0%,47.44
storm door,0,56,0%,1
windows san francisco ca,0,56,0%,41.34
milgard style line series,0,56,0%,58.27
custom order windows online,0,56,0%,70
custom order windows,0,56,0%,84.36
custom steel window san francisco,0,55,0%,21.27
window replacement oakland ca,0,55,0%,39.36
how do you measure windows for replacement,0,55,0%,40.15
catalina windows,0,55,0%,42.75
wood clad doors,0,55,0%,47.75
window company taft,0,55,0%,58.22
aluminum windows bay area,0,54,0%,28.15
anlin windows & doors,0,54,0%,32.24
fiber glass window,0,54,0%,58.89
what's the difference between replacement and new construction windows,0,54,0%,64.69
window installation coliseum industrial,0,53,0%,18.28
bay area window and door experts,0,53,0%,42.02
simonton stormbreaker,0,53,0%,42.83
[energy efficient window installation],0,53,0%,43.09
milgard aluminum clad windows,0,53,0%,57.38
replacement windows woodland hills,0,53,0%,63.25
architectural steel windows,0,53,0%,83.53
custom window order,0,53,0%,91.21
window installation village bottoms,0,52,0%,9.27
window replacement san mateo,0,52,0%,13.42
window installation niles district,0,52,0%,13.63
marvin skylights,0,52,0%,42.62
gem doors,0,52,0%,48.29
window installation california,0,52,0%,59.5
what is the difference between new construction windows and replacement,0,52,0%,78.67
window installation clawson,0,51,0%,12.37
windows & doors burlingame ca,0,51,0%,13.51
home window installation near me,0,51,0%,13.96
retrofit windows,0,51,0%,15.96
simonton vinyl windows,0,51,0%,27.2
vinyl window replacement fremont,0,51,0%,28.25
marvin skycove,0,51,0%,35.76
window online,0,51,0%,51.65
replacement windows delano,0,51,0%,65.67
best deluxe window services,0,50,0%,7.24
luxury steel doors burlingame,0,50,0%,12.44
window installation north gate,0,50,0%,18.84
simonton windows,0,50,0%,19.36
window replacement for house near me,0,50,0%,24.34
western window systems dealers,0,50,0%,28.16
window measures,0,50,0%,31.84
doors and windows bay area,0,50,0%,40.56
marvin modern windows,0,50,0%,49.64
jeldwin,0,50,0%,56.24
how to properly measure a window for replacement,0,50,0%,74.14
fiberglass window frame,0,50,0%,90.94
stainless steel windows,0,50,0%,92.3
burlingame windows,0,49,0%,6.08
deluxe windows reviews,0,49,0%,9.86
window installation rockridge,0,49,0%,15.82
window installation south prescott,0,49,0%,15.98
santa rosa replacement windows,0,49,0%,17.8
window installation oakland ca,0,49,0%,32.16
steel windows san francisco,0,49,0%,38.39
vinyl window replacement san jose,0,49,0%,45.22
window replacement mill valley,0,49,0%,60.86
"""energy efficient windows bay area""",0,48,0%,3.17
windows deluxe,0,48,0%,9.42
window installation chabot park,0,48,0%,10.23
window installation trevarno,0,48,0%,14.73
window installation berkeley,0,48,0%,30.73
doors windows contractors marin county ca,0,48,0%,33.75
window glazing san francisco,0,48,0%,36.02
jen weld,0,48,0%,59.5
jelwen,0,48,0%,59.62
clad wood doors,0,48,0%,62.6
window replacements delano,0,48,0%,63.67
window styles,0,48,0%,91.15
window installation neroly,0,47,0%,16.19
window installation havenscourt,0,47,0%,16.85
replacement windows berkeley,0,47,0%,21.32
window installation service near me,0,47,0%,29.87
geldwen,0,47,0%,59.4
damaged window,0,47,0%,61
window replacement company delano,0,47,0%,66.68
home windows woodland hills,0,47,0%,72.06
"""luxury window installation bay area""",0,46,0%,1.02
window installer contra costa,0,46,0%,11.96
window installation highland terrace,0,46,0%,12.67
window and door suppliers burlingame ca,0,46,0%,17.85
door installation near me,0,46,0%,24.67
fiberglass windows santa fe,0,46,0%,35.74
how do i measure for replacement windows,0,46,0%,38.28
milgard ultra series windows,0,46,0%,53.65
marvin fiberglass replacement windows,0,46,0%,56.2
marvin windows aluminum clad,0,46,0%,56.63
window installation companies delano,0,46,0%,62.96
replacement window company delano,0,46,0%,67.15
residential windows delano,0,46,0%,67.17
"""window installers san mateo""",0,45,0%,1
door replacement,0,45,0%,8.31
window replacement sunnyvale,0,45,0%,13.69
trusted window company in sonoma,0,45,0%,14.91
ply gem windows,0,45,0%,26.47
residential window replacement,0,45,0%,33.38
jeldwyn,0,45,0%,59.56
window installation delano,0,45,0%,62.78
marvin vinyl windows,0,45,0%,64.64
home windows delano,0,45,0%,65.67
house windows delano,0,45,0%,68.82
custom windows santa clara,0,45,0%,70.44
window installation toler heights,0,44,0%,13.2
vinyl window replacement vallejo,0,44,0%,17.11
door company burlingame ca,0,44,0%,29.84
san francisco window,0,44,0%,36.32
door installation mill valley ca,0,44,0%,40.68
how to measure a replacement window,0,44,0%,43.41
steel window san francisco,0,44,0%,44.66
[composite window installation],0,44,0%,48.23
home window installation delano,0,44,0%,66.16
luxury window types,0,44,0%,69.23
window companies delano,0,44,0%,77.8
window replacement blog,0,44,0%,88.11
[vinyl window installation],0,43,0%,4.81
window replacement mill valley ca,0,43,0%,26.84
replacement windows blog,0,43,0%,27.81
western windows and doors,0,43,0%,53.81
marvin bay window,0,43,0%,57.44
window installer delano,0,43,0%,59.47
milgard's aluminum casement windows,0,43,0%,80.88
wood interior windows,0,43,0%,92.86
window installation caballo hills,0,42,0%,13.52
window installation celamonte,0,42,0%,17.38
replacement windows hayward,0,42,0%,19.33
replacement windows fremont ca,0,42,0%,33.45
jeld wen doors,0,42,0%,41.55
deluxe door,0,42,0%,47.98
milgard windows ultra series,0,42,0%,57.83
window installation services delano,0,42,0%,59.86
san francisco window and door,0,42,0%,65.05
window installation piedmont avenue,0,41,0%,17.98
andersen wood replacement windows,0,41,0%,41.93
jeld wen composite windows,0,41,0%,43.98
replacement vinyl windows,0,41,0%,47.46
jeld wen windows & doors,0,41,0%,54.17
custom windows delano,0,41,0%,60.76
replacement window companies delano,0,41,0%,67.68
western aluminum windows,0,40,0%,11.72
insulated windows bay area,0,40,0%,18.5
window installation irvington,0,40,0%,19.2
window installation lincoln highlands,0,40,0%,21.43
vinyl windows,0,40,0%,21.88
[custom window solutions],0,40,0%,39.83
measure a window,0,40,0%,40.27
custom window company silicon valley,0,40,0%,41.98
window replacement fremont ca,0,40,0%,47.98
window replacement santa clara ca,0,40,0%,50
marvin corner windows,0,40,0%,58.05
milgard ultra fiberglass windows,0,40,0%,58.85
window installers delano,0,40,0%,68.55
how to choose windows for bay area home,0,40,0%,78.35
door replacement near me,0,39,0%,2.62
window installation fairview,0,39,0%,13.9
wood clad door,0,39,0%,28.95
how to measure replacement window,0,39,0%,40.03
replacement windows versus new windows,0,39,0%,60.62
bay area window,0,39,0%,65.26
replace windows,0,38,0%,6.53
marvin windows berkeley,0,38,0%,9.42
window installation brookvale,0,38,0%,10.63
window installation old oakland,0,38,0%,12.32
ply gem casement windows,0,38,0%,12.55
window installation central/downtown,0,38,0%,18.32
site:http://deluxewindows.com,0,38,0%,26.53
home window replacement near me,0,38,0%,29.82
how to measure for a window replacement,0,38,0%,40.24
marvin elevate,0,38,0%,42.16
marvin ultimate doors,0,38,0%,65.79
marvin modern doors,0,38,0%,79.45
vynil windows,0,37,0%,5
window installation leona heights,0,37,0%,12.65
custom steel windows san francisco,0,37,0%,27.65
measuring replacement windows,0,37,0%,31.95
concord window replacement,0,37,0%,40.86
measure window,0,37,0%,41.27
house windows,0,37,0%,44.38
california deluxe windows prices,0,37,0%,47.27
custom windows silicon valley,0,37,0%,54.65
ply gems windows,0,37,0%,59.3
western sliding door,0,37,0%,59.35
vinyl window san jose,0,37,0%,64.59
windows deals,0,37,0%,88.16
"window replacement san mateo,",0,36,0%,6.11
window installation vine hill,0,36,0%,9.42
window installation upper laurel,0,36,0%,15.92
window installation san ramon foothills,0,36,0%,19.25
window installation blackhawk,0,36,0%,21.39
earthwise vinyl windows reviews,0,36,0%,25.81
alside bay windows,0,36,0%,30.75
custom wood windows alameda ca,0,36,0%,48.89
commercial glass replacement san francisco,0,36,0%,49.78
simonton windows 6100,0,36,0%,57.64
replacement windows berkley,0,36,0%,59.75
window quote online,0,36,0%,74.94
windows installation,0,35,0%,1.14
best eco-friendly vinyl windows made from recycled materials,0,35,0%,10.69
andersen aluminum clad wood windows,0,35,0%,10.86
window installation bushrod,0,35,0%,14.83
custom steel windows cost napa,0,35,0%,16.23
window replacement sonoma county,0,35,0%,19.26
fiberglass doors san francisco,0,35,0%,20.17
house window repair san francisco ca,0,35,0%,27.23
replacement window companies,0,35,0%,30.51
window installation concord ca,0,35,0%,32.66
windows and doors bay area,0,35,0%,42.46
replacement windows silicon valley,0,35,0%,43.83
milgard vinyl window colors,0,35,0%,46.71
how do you measure a window,0,35,0%,49.77
direct glaze window,0,35,0%,52.2
milgard thermal break aluminum windows,0,35,0%,58.37
marvin door,0,35,0%,64.23
the ultimate guide to interior door styles,0,35,0%,76.03
milgard aluminum series,0,35,0%,91.94
window installation ridgemont,0,34,0%,13.79
window installation oakland hills,0,34,0%,13.94
fiberglass reinforced doors san francisco,0,34,0%,14.65
window installation nortonville,0,34,0%,17.97
window installation alhambra valley,0,34,0%,20.03
window installation millsmont,0,34,0%,21.94
marvin fibreglass windows,0,34,0%,34
steel windows residential,0,34,0%,47
wood+windows,0,34,0%,58.38
window online order,0,34,0%,91.74
window installation upper peralta creek/ bartlett,0,33,0%,17.64
window installation hegenberger,0,33,0%,20.36
bay area window installers,0,33,0%,27.55
alside vinyl windows,0,33,0%,30.64
how to measure for windows replacement,0,33,0%,49.82
bay area windows and doors,0,33,0%,64.61
aluminum windows anderson township,0,33,0%,64.67
[window installation los gatos],0,33,0%,68.3
architectural aluminum,0,33,0%,72.03
wood windows alameda ca,0,33,0%,79.88
door buying guide,0,33,0%,83.91
sliding glass door repair,0,32,0%,1
"window replacement san mateo california,",0,32,0%,2.41
window installation eastmont hills,0,32,0%,7.62
window installation peralta villa,0,32,0%,8.19
home window replacement,0,32,0%,14.53
custom deluxe windows,0,32,0%,14.56
window installation valona,0,32,0%,18.12
oakland window installation,0,32,0%,21.34
[thermal windows installation],0,32,0%,30.91
milgard styleline windows,0,32,0%,31.53
how do you measure a window to replace it,0,32,0%,32.44
residential glass installation san francisco,0,32,0%,44.72
doors san francisco,0,32,0%,47.09
[window replacement saratoga],0,32,0%,49.56
marvin elevate windows,0,32,0%,55.44
how to measure the size of a window,0,32,0%,57.34
santa clara windows,0,32,0%,71.19
window and door solutions,0,32,0%,77.81
replacement windows roseville ca,0,32,0%,87.5
"window replacement san bruno ca,",0,31,0%,1.61
[fiberglass window installation],0,31,0%,3.9
window installation glen frazer,0,31,0%,8.77
de luz replacement windows,0,31,0%,11.71
marvin modern,0,31,0%,41.81
aluminum architectural windows,0,31,0%,43.26
western window system,0,31,0%,45.58
milgard styleline,0,31,0%,45.97
fiberglass windows bethesda,0,31,0%,48.45
windows measurements,0,31,0%,58.94
new or replacement windows,0,31,0%,63.97
window replacement delano,0,31,0%,65.74
"window replacement san bruno,",0,30,0%,1.33
"window replacement san mateo ca,",0,30,0%,4.2
[fiberglass window replacement],0,30,0%,6.07
delux window,0,30,0%,6.43
[bay window installation],0,30,0%,8.6
window replacement sunnyvale ca,0,30,0%,11.37
vinly windows installation santa clara,0,30,0%,11.7
fiberglass windows and frames,0,30,0%,18.73
house window replacement,0,30,0%,18.97
fiberglass clad windows,0,30,0%,26.2
marvin modern collection,0,30,0%,30.67
[specialty shape window installation],0,30,0%,31.97
how to measure window,0,30,0%,32.77
steel window systems,0,30,0%,33.2
commercial glass repair san francisco,0,30,0%,37.07
deluxe doors,0,30,0%,39.83
residential glass replacement san francisco,0,30,0%,44.4
marvin windows replacement,0,30,0%,51.13
new windows,0,30,0%,62.47
window replacements concord,0,30,0%,62.6
marvin glass doors,0,30,0%,64.23
andersen interior doors,0,30,0%,66.2
custom replacement windows,0,30,0%,69.03
"window installation san mateo ca,",0,29,0%,3.97
window installation fairway park,0,29,0%,6.38
"choosing the perfect panes a homeownerâ s guide to premium replacement 
windows",0,29,0%,7.93
window installation irvington district,0,29,0%,14.21
window installation acalanes ridge,0,29,0%,16.9
affordable vinyl windows,0,29,0%,21.76
jeld wen aluminium windows,0,29,0%,23.55
door replacement mill valley ca,0,29,0%,39.69
door repair san francisco,0,29,0%,44.48
milgard windows style line series,0,29,0%,44.9
window replacement silicon valley,0,29,0%,47.1
marvin bay windows,0,29,0%,62.14
aluminum windows milgard,0,29,0%,64.76
[window replacement palo alto],0,29,0%,69.14
door installation,0,28,0%,1.71
replacement windows near me,0,28,0%,17.79
window replacements,0,28,0%,17.79
ply gem,0,28,0%,25.29
who sells fiberglass windows,0,28,0%,25.61
vinyl window replacement daly city,0,28,0%,29.46
window installation san ramon village,0,28,0%,29.71
windows jeld wen,0,28,0%,31.32
window contractors in my area,0,28,0%,37.11
vinyl windows near me,0,28,0%,38.68
how to measure for a replacement window,0,28,0%,43.07
windows replacement santa clara,0,28,0%,44.96
aluminum replacement windows santa clarita,0,28,0%,52.36
new vs replacement windows,0,28,0%,65.39
concord replacement windows,0,28,0%,75.82
hollow metal doors fremont,0,28,0%,82
ambler+window+replacement,0,28,0%,89.14
aluminum windows nearby,0,28,0%,91.57
clad door,0,27,0%,7.37
how to measure a window pane for replacement,0,27,0%,10.7
window installation bent creek estates,0,27,0%,12.78
window installation upper dimond,0,27,0%,14.48
www simonton com,0,27,0%,14.63
trusted window company in napa,0,27,0%,15.85
mira windows,0,27,0%,18.67
alside windows company,0,27,0%,19.11
oakland window replacement,0,27,0%,21
windows and doors replacement,0,27,0%,21.7
window installation west oakland,0,27,0%,22.07
windows bay area,0,27,0%,25
all weather aluminum,0,27,0%,33.52
window showroom,0,27,0%,34.19
custom windows san francisco,0,27,0%,39.96
anlin del mar,0,27,0%,40.44
cheap vinyl windows,0,27,0%,46.3
deluxe windows morganville nj,0,27,0%,47.7
steel bay window,0,27,0%,59.93
marvin windows sullivans island sc,0,27,0%,65.04
marvin windows skylights,0,27,0%,73.15
wood windows yukon,0,27,0%,81.89
buy windows online,0,27,0%,86.67
window replacement contractor,0,27,0%,86.85
marvin interior doors,0,27,0%,91.15
"window installation san bruno ca,",0,26,0%,1
window installation niles,0,26,0%,7.85
window replacement home,0,26,0%,13.92
window installation twin creeks 6,0,26,0%,16.12
allside windows,0,26,0%,16.92
home window replacement bay area,0,26,0%,20.65
"fremont, ca replacement windows",0,26,0%,27
simonton window installers lutz,0,26,0%,27.38
window repair company,0,26,0%,28.08
window installation in redwood city ca,0,26,0%,31.08
alside window replacement,0,26,0%,33.5
all weather architectual aluminum,0,26,0%,33.54
milgard doors,0,26,0%,34.04
windows measurement,0,26,0%,34.5
how to measure for replacement vinyl windows,0,26,0%,38.81
kitchen window san francisco,0,26,0%,43.27
oh earthwise windows,0,26,0%,44
how to measure for replacement window,0,26,0%,44.27
san francisco door company,0,26,0%,47.15
how to repair a broken window,0,26,0%,67.08
how to fix a cracked window without replacing it,0,26,0%,69.04
order windows online,0,26,0%,84.81
"window replacement san bruno california,",0,25,0%,1
what is a wood clad door,0,25,0%,3.88
simonton windows dealers,0,25,0%,12.44
window installation meadow glen,0,25,0%,14.68
replacement windows installers,0,25,0%,15.2
window installation north richmond,0,25,0%,16.28
alside window company,0,25,0%,18.84
window installation sonoma county,0,25,0%,26.04
glass company near me,0,25,0%,29
architectural aluminium windows,0,25,0%,29.04
window measurement guide,0,25,0%,36.08
[wood window replacement],0,25,0%,37.12
[window installation cupertino],0,25,0%,37.92
anlin panoramic windows,0,25,0%,43.44
california deluxe windows reviews,0,25,0%,44.72
deluxe windows nj,0,25,0%,48.88
how to choose windows,0,25,0%,56.64
jeld-weld,0,25,0%,57.8
how to measure house windows,0,25,0%,59.96
simonton single hung windows,0,25,0%,63.36
window installation golden gate,0,25,0%,71.48
window and door buying guide,0,25,0%,77.08
aluminum clad wood windows,0,25,0%,77.12
replacement windows oakdale,0,25,0%,81.76
does andersen make fiberglass windows,0,24,0%,1.04
window installation brookfield village,0,24,0%,4.42
window installation hall station,0,24,0%,4.88
window installation portola at gale ranch,0,24,0%,9.54
are there any ongoing promotions or discounts for premium window brands?,0,24,0%,11.79
architectural aluminum windows and doors,0,24,0%,15.38
windows and doors replacements,0,24,0%,20.12
anderson wooden windows,0,24,0%,21.29
andersen windows fiberglass,0,24,0%,23
marvin coastline windows,0,24,0%,23
home window replacement companies,0,24,0%,25.46
window installers in the area,0,24,0%,25.92
custom window installers near me,0,24,0%,33.79
milgard thermally improved aluminum a250,0,24,0%,35.67
marvin skylight,0,24,0%,37.88
window installation services,0,24,0%,39.21
marvin wood doors,0,24,0%,39.96
window repair mill valley ca,0,24,0%,40.67
vinyl windows anderson,0,24,0%,40.83
replacement windows san ramon,0,24,0%,41.21
"anlin coronado series san antonio, tx",0,24,0%,45.42
ply gem sliding windows,0,24,0%,47.21
marvin window replacement,0,24,0%,47.54
are jeld-wen windows junk,0,24,0%,55.62
marvin,0,24,0%,60.79
vinyl window replacement monterey,0,24,0%,67.96
marvin ultrex windows,0,24,0%,72.29
custom vinyl windows tarzana,0,24,0%,73.33
marvin entry doors,0,24,0%,80.58
order window,0,24,0%,83.88
sliding doors,0,23,0%,1
temporary fix for leaking window,0,23,0%,4.13
deluxe company,0,23,0%,7.52
window installation oaksterdam,0,23,0%,13.83
modern fiberglass windows,0,23,0%,21.35
simonton garden window,0,23,0%,21.74
replacement windows doors,0,23,0%,22.26
allsides windows,0,23,0%,22.52
window replacement center,0,23,0%,23.43
replacement window and doors,0,23,0%,23.52
alside windows and doors,0,23,0%,24.09
window measurement,0,23,0%,26.57
specialty window replacement,0,23,0%,27.22
[architectural window replacement],0,23,0%,27.61
window installer companies,0,23,0%,28.91
anderson wood windows,0,23,0%,29.74
alisde,0,23,0%,33.61
best replacement window companies in fremont,0,23,0%,37.91
marvin composite windows,0,23,0%,41.96
steel doors oakland,0,23,0%,42.43
milgard ultra fiberglass,0,23,0%,48.87
replacement windows or new construction,0,23,0%,51
energy efficient vinyl windows,0,23,0%,54
bay area window and door installation,0,23,0%,55.26
"anlin catalina series san antonio, tx",0,23,0%,64.96
windows in concord ca,0,23,0%,65.43
how to fix a cracked window,0,23,0%,73.39
window cleaning san francisco ca,0,23,0%,90.48
"window installation foster city ca,",0,22,0%,1
fairfield windows,0,22,0%,7.95
allweather windows,0,22,0%,12.91
window installation radum,0,22,0%,13.41
door buyers guide,0,22,0%,16.59
thermal break steel windows san jose,0,22,0%,20.95
western windows phoenix,0,22,0%,21.55
thermal steel windows and doors san jose,0,22,0%,22.05
window installation east pleasanton,0,22,0%,26.27
bedroom window replacement,0,22,0%,27.55
milgard style line windows,0,22,0%,29.77
fiberglass windows norman,0,22,0%,30.77
replacement windows contractor near me,0,22,0%,33.41
marvin ultimate wood windows,0,22,0%,42.14
steel residential windows,0,22,0%,45.18
how to measure window size,0,22,0%,48.73
tuscany series windows,0,22,0%,51.45
glass repair san francisco,0,22,0%,52.32
replacement windows vs new,0,22,0%,63.68
[window replacement mountain view],0,22,0%,68.32
difference between new construction and replacement windows,0,22,0%,70.14
how to measure windows size for replacement,0,22,0%,72.09
order window online,0,22,0%,72.95
vinyl door,0,22,0%,73.41
how to fix a cracked window at home,0,22,0%,75.09
aluminum doors and windows,0,22,0%,96.5
window installer,0,21,0%,2.19
temporarily fix,0,21,0%,14
window repairs near me,0,21,0%,14.05
window installation east richmond heights,0,21,0%,14.38
window installation deerwood,0,21,0%,20.57
windows and door replacements,0,21,0%,21.62
window installation deals,0,21,0%,22.29
window installation lockwood gardens,0,21,0%,24.43
window installation blacow,0,21,0%,25.62
milgard a250 windows,0,21,0%,30.05
who sells fiberglass replacement windows,0,21,0%,30.05
all side windows,0,21,0%,30.43
california deluxe window,0,21,0%,31.1
marvin windows san francisco,0,21,0%,31.33
marvin signature ultimate window,0,21,0%,32.67
professional window installers near fremont ca,0,21,0%,33.76
how do you measure for windows,0,21,0%,37.86
marvin ultimate windows,0,21,0%,42.29
how do you measure for replacement windows,0,21,0%,44.33
how to measure a window replacement,0,21,0%,44.48
how to measure for a window,0,21,0%,45
window installation companies taft,0,21,0%,56.67
san francisco doors and windows company,0,21,0%,59.43
anlin windows del mar,0,21,0%,63.19
how to temporarily cover a broken window,0,21,0%,65.14
how to fix a broken window,0,21,0%,67.76
window replacement vallejo,0,21,0%,74.24
difference between new construction windows and replacement,0,21,0%,75.24
windows manufacturers website,0,21,0%,77.81
milgard fiberglass doors,0,21,0%,82.19
door and window systems,0,21,0%,85
marvin commercial doors,0,21,0%,85.52
window installation russell city,0,20,0%,6.95
andersen aluminum,0,20,0%,11.25
window installation coliseum,0,20,0%,17.25
vinly windows installation east bay,0,20,0%,20.5
fiberglass window companies,0,20,0%,22.7
andersen windows aluminum clad,0,20,0%,24.9
marvin all wood windows,0,20,0%,25.9
frp doors san francisco,0,20,0%,26.8
alside replacement windows,0,20,0%,27.9
marvin wood clad windows,0,20,0%,30
anlin windows denver,0,20,0%,31.4
fiberglass windows replacement,0,20,0%,32.45
alsode,0,20,0%,32.7
windows replacement concord,0,20,0%,34.9
window installation san leandro,0,20,0%,41.45
jeld wen door,0,20,0%,43.85
vinyl window,0,20,0%,45.65
window installation montclair village,0,20,0%,48
ply gem windows for sale,0,20,0%,61.35
fibreglass windows,0,20,0%,66.65
milgard ultra doors,0,20,0%,72.35
commercial glass contractors san francisco,0,20,0%,77.3
what's the difference between new construction and replacement windows,0,20,0%,79.15
inglewood replacement windows,0,20,0%,82.65
order windows,0,20,0%,90.95
milgard french casement windows,0,20,0%,91.65
window installation elmhurst park,0,19,0%,6.32
local window replacement,0,19,0%,11
sliding windows marvin,0,19,0%,17.95
window installation stewartville,0,19,0%,22.16
milgard a250,0,19,0%,28.26
windows house replacement,0,19,0%,30.63
jedwell doors,0,19,0%,30.79
storefront glass repair san francisco,0,19,0%,31.26
fiberglass windows sandy,0,19,0%,31.89
window installation temescal,0,19,0%,39.79
window repair oakland ca,0,19,0%,40.53
how to measure new windows,0,19,0%,42.32
american deluxe windows and doors,0,19,0%,42.53
andersen composite windows,0,19,0%,45.84
western windows system,0,19,0%,48.79
measuring a window for replacement,0,19,0%,51.47
measuring basement windows,0,19,0%,52.37
custom vinyl windows west hollywood,0,19,0%,56.63
vinyl clad windows,0,19,0%,59.68
repair window,0,19,0%,62.89
windows to order online,0,19,0%,64.37
high-end windows,0,19,0%,70.58
marvin exterior doors,0,19,0%,72.79
how to fix a cracked house window,0,19,0%,73.63
western style website template,0,19,0%,74.95
window company delano,0,19,0%,75.21
buy replacement windows online,0,19,0%,83.11
replacement windows online,0,19,0%,84.53
fiberglass windows terre haute,0,19,0%,93.42
burlingame window replacement,0,18,0%,2.56
window installation hayward highland,0,18,0%,9.78
window installation tennyson/alquire,0,18,0%,10.11
window installation bixler,0,18,0%,12.06
windows replacement,0,18,0%,17.56
window and door store burlingame ca,0,18,0%,18.11
windows doors replacement,0,18,0%,18.78
window installation montalvin manor,0,18,0%,20
windows contractor,0,18,0%,21.22
delux windows and glass,0,18,0%,21.5
mercer windows,0,18,0%,22.67
window installation sobrante park,0,18,0%,22.67
modern window designs berkeley,0,18,0%,22.78